{"cameraMode":{"drawMode":0,"name":"Shaded","section":"Shading Mode"},"sceneLighting":true,"audioPlay":false,"sceneViewState":{"showFog":true,"showMaterialUpdate":false,"showSkybox":true,"showFlares":true,"showImageEffects":true,"showParticleSystems":true},"in2DMode":false,"pivot":{"x":0.4672483205795288,"y":1.5664820671081544,"z":-0.6885731220245361},"rotation":{"x":-0.15482774376869203,"y":0.21507813036441804,"z":-0.03455772250890732,"w":-0.9636304974555969},"size":3.292724370956421,"orthographic":false}